XPosition,YPosition
0.2431640625,0.04541015625
0.4453125,0.04345703125
0.66162109375,0.04248046875
0.87841796875,0.041015625
0.30908203125,0.2802734375
0.54150390625,0.27880859375
0.90087890625,0.275390625
0.2744140625,0.5537109375
0.57373046875,0.552734375
0.89404296875,0.5498046875
0.263671875,0.7861328125
0.48486328125,0.78466796875
0.64892578125,0.78369140625
0.88916015625,0.78271484375
